OMEN_ID;X;Y;Z;Efield;Approved
196956652;3.50657650008;-25.2262000216;10;8.79597322644;No
196956653;10.250335369;-16.2115154191;10;12.74007301;No
