OMEN_ID;X;Y;Z;Efield;Approved
196956652;-0.000240419999999;-0.000538750000004;10;161.061949523;No
196956653;5.20800000015e-05;-0.000194950000001;10;160.99140107;No
